,Client_Information,Product_Information,Total_Transaction_Amount
0,CL-4321-2-1,SGX-FU-NK-20100910,1
1,CL-4321-2-1,SGX-FU-NK-20100910,1
2,CL-4321-2-1,SGX-FU-NK-20100910,1
3,CL-4321-2-1,SGX-FU-NK-20100910,1
4,CL-4321-2-1,SGX-FU-NK-20100910,1
5,CL-4321-2-1,SGX-FU-NK-20100910,1
6,CL-4321-2-1,SGX-FU-NK-20100910,1
7,CL-4321-2-1,SGX-FU-NK-20100910,1
8,CL-4321-2-1,SGX-FU-NK-20100910,1
9,CL-4321-2-1,SGX-FU-NK-20100910,1
10,CL-4321-2-1,SGX-FU-NK-20100910,1
11,CL-4321-2-1,SGX-FU-NK-20100910,1
12,CL-4321-3-1,CME-FU-N1-20100910,-3
13,CL-4321-3-1,CME-FU-N1-20100910,-3
14,CL-4321-3-1,CME-FU-N1-20100910,-3
15,CL-4321-3-1,CME-FU-N1-20100910,-3
16,CL-4321-3-1,CME-FU-N1-20100910,-3
17,CL-4321-3-1,CME-FU-N1-20100910,-3
18,CL-4321-3-1,CME-FU-N1-20100910,-3
19,CL-4321-3-1,CME-FU-N1-20100910,-3
20,CL-1234-2-1,SGX-FU-NK-20100910,1
21,CL-1234-2-1,SGX-FU-NK-20100910,1
22,CL-1234-2-1,SGX-FU-NK-20100910,1
23,CL-1234-2-1,SGX-FU-NK-20100910,1
24,CL-1234-2-1,SGX-FU-NK-20100910,1
25,CL-1234-2-1,SGX-FU-NK-20100910,1
26,CL-1234-2-1,SGX-FU-NK-20100910,1
27,CL-1234-2-1,SGX-FU-NK-20100910,1
28,CL-1234-2-1,SGX-FU-NK-20100910,1
29,CL-1234-2-1,SGX-FU-NK-20100910,1
30,CL-1234-2-1,SGX-FU-NK-20100910,1
31,CL-1234-2-1,SGX-FU-NK-20100910,1
32,CL-1234-2-1,SGX-FU-NK-20100910,1
33,CL-1234-2-1,SGX-FU-NK-20100910,1
34,CL-1234-2-1,SGX-FU-NK-20100910,1
35,CL-1234-2-1,SGX-FU-NK-20100910,1
36,CL-1234-2-1,SGX-FU-NK-20100910,1
37,CL-1234-2-1,SGX-FU-NK-20100910,1
38,CL-1234-2-1,SGX-FU-NK-20100910,1
39,CL-1234-2-1,SGX-FU-NK-20100910,1
40,CL-1234-2-1,SGX-FU-NK-20100910,1
41,CL-1234-2-1,SGX-FU-NK-20100910,1
42,CL-1234-2-1,SGX-FU-NK-20100910,1
43,CL-1234-2-1,SGX-FU-NK-20100910,1
44,CL-1234-2-1,SGX-FU-NK-20100910,1
45,CL-1234-2-1,SGX-FU-NK-20100910,1
46,CL-1234-2-1,SGX-FU-NK-20100910,1
47,CL-1234-2-1,SGX-FU-NK-20100910,1
48,CL-1234-2-1,SGX-FU-NK-20100910,1
49,CL-1234-2-1,SGX-FU-NK-20100910,1
50,CL-1234-2-1,SGX-FU-NK-20100910,2
51,CL-1234-2-1,SGX-FU-NK-20100910,2
52,CL-1234-2-1,SGX-FU-NK-20100910,2
53,CL-1234-2-1,SGX-FU-NK-20100910,2
54,CL-1234-2-1,SGX-FU-NK-20100910,2
55,CL-1234-2-1,SGX-FU-NK-20100910,2
56,CL-1234-2-1,SGX-FU-NK-20100910,2
57,CL-1234-2-1,SGX-FU-NK-20100910,3
58,CL-1234-2-1,SGX-FU-NK-20100910,3
59,CL-1234-2-1,SGX-FU-NK-20100910,3
60,CL-1234-2-1,SGX-FU-NK-20100910,4
61,CL-1234-2-1,SGX-FU-NK-20100910,4
62,CL-1234-2-1,SGX-FU-NK-20100910,4
63,CL-1234-2-1,SGX-FU-NK-20100910,4
64,CL-1234-2-1,SGX-FU-NK-20100910,4
65,CL-1234-2-1,SGX-FU-NK-20100910,4
66,CL-1234-2-1,SGX-FU-NK-20100910,4
67,CL-1234-2-1,SGX-FU-NK-20100910,4
68,CL-1234-2-1,SGX-FU-NK-20100910,4
69,CL-1234-2-1,SGX-FU-NK-20100910,4
70,CL-1234-2-1,SGX-FU-NK-20100910,4
71,CL-1234-2-1,SGX-FU-NK-20100910,5
72,CL-1234-2-1,SGX-FU-NK-20100910,5
73,CL-1234-2-1,SGX-FU-NK-20100910,5
74,CL-1234-2-1,SGX-FU-NK-20100910,5
75,CL-1234-2-1,SGX-FU-NK-20100910,5
76,CL-1234-2-1,SGX-FU-NK-20100910,5
77,CL-1234-2-1,SGX-FU-NK-20100910,5
78,CL-1234-2-1,SGX-FU-NK-20100910,5
79,CL-1234-2-1,SGX-FU-NK-20100910,5
80,CL-1234-2-1,SGX-FU-NK-20100910,5
81,CL-1234-2-1,SGX-FU-NK-20100910,5
82,CL-1234-2-1,SGX-FU-NK-20100910,5
83,CL-1234-2-1,SGX-FU-NK-20100910,5
84,CL-1234-2-1,SGX-FU-NK-20100910,5
85,CL-1234-2-1,SGX-FU-NK-20100910,5
86,CL-1234-2-1,SGX-FU-NK-20100910,5
87,CL-1234-2-1,SGX-FU-NK-20100910,5
88,CL-1234-2-1,SGX-FU-NK-20100910,5
89,CL-1234-2-1,SGX-FU-NK-20100910,5
90,CL-1234-2-1,SGX-FU-NK-20100910,5
91,CL-1234-2-1,SGX-FU-NK-20100910,5
92,CL-1234-2-1,SGX-FU-NK-20100910,5
93,CL-1234-2-1,SGX-FU-NK-20100910,5
94,CL-1234-2-1,SGX-FU-NK-20100910,5
95,CL-1234-2-1,SGX-FU-NK-20100910,5
96,CL-1234-2-1,SGX-FU-NK-20100910,6
97,CL-1234-2-1,SGX-FU-NK-20100910,-1
98,CL-1234-2-1,SGX-FU-NK-20100910,-1
99,CL-1234-2-1,SGX-FU-NK-20100910,-1
100,CL-1234-2-1,SGX-FU-NK-20100910,-1
101,CL-1234-2-1,SGX-FU-NK-20100910,-1
102,CL-1234-2-1,SGX-FU-NK-20100910,-1
103,CL-1234-2-1,SGX-FU-NK-20100910,-1
104,CL-1234-2-1,SGX-FU-NK-20100910,-1
105,CL-1234-2-1,SGX-FU-NK-20100910,-1
106,CL-1234-2-1,SGX-FU-NK-20100910,-1
107,CL-1234-2-1,SGX-FU-NK-20100910,-1
108,CL-1234-2-1,SGX-FU-NK-20100910,-1
109,CL-1234-2-1,SGX-FU-NK-20100910,-1
110,CL-1234-2-1,SGX-FU-NK-20100910,-1
111,CL-1234-2-1,SGX-FU-NK-20100910,-1
112,CL-1234-2-1,SGX-FU-NK-20100910,-1
113,CL-1234-2-1,SGX-FU-NK-20100910,-1
114,CL-1234-2-1,SGX-FU-NK-20100910,-1
115,CL-1234-2-1,SGX-FU-NK-20100910,-1
116,CL-1234-2-1,SGX-FU-NK-20100910,-1
117,CL-1234-2-1,SGX-FU-NK-20100910,-1
118,CL-1234-2-1,SGX-FU-NK-20100910,-1
119,CL-1234-2-1,SGX-FU-NK-20100910,-1
120,CL-1234-2-1,SGX-FU-NK-20100910,-1
121,CL-1234-2-1,SGX-FU-NK-20100910,-1
122,CL-1234-2-1,SGX-FU-NK-20100910,-1
123,CL-1234-2-1,SGX-FU-NK-20100910,-1
124,CL-1234-2-1,SGX-FU-NK-20100910,-1
125,CL-1234-2-1,SGX-FU-NK-20100910,-1
126,CL-1234-2-1,SGX-FU-NK-20100910,-1
127,CL-1234-2-1,SGX-FU-NK-20100910,-2
128,CL-1234-2-1,SGX-FU-NK-20100910,-2
129,CL-1234-2-1,SGX-FU-NK-20100910,-2
130,CL-1234-2-1,SGX-FU-NK-20100910,-2
131,CL-1234-2-1,SGX-FU-NK-20100910,-2
132,CL-1234-2-1,SGX-FU-NK-20100910,-2
133,CL-1234-2-1,SGX-FU-NK-20100910,-2
134,CL-1234-2-1,SGX-FU-NK-20100910,-2
135,CL-1234-2-1,SGX-FU-NK-20100910,-2
136,CL-1234-2-1,SGX-FU-NK-20100910,-2
137,CL-1234-2-1,SGX-FU-NK-20100910,-2
138,CL-1234-2-1,SGX-FU-NK-20100910,-3
139,CL-1234-2-1,SGX-FU-NK-20100910,-3
140,CL-1234-2-1,SGX-FU-NK-20100910,-3
141,CL-1234-2-1,SGX-FU-NK-20100910,-3
142,CL-1234-2-1,SGX-FU-NK-20100910,-3
143,CL-1234-2-1,SGX-FU-NK-20100910,-3
144,CL-1234-2-1,SGX-FU-NK-20100910,-4
145,CL-1234-2-1,SGX-FU-NK-20100910,-4
146,CL-1234-2-1,SGX-FU-NK-20100910,-4
147,CL-1234-2-1,SGX-FU-NK-20100910,-4
148,CL-1234-2-1,SGX-FU-NK-20100910,-4
149,CL-1234-2-1,SGX-FU-NK-20100910,-4
150,CL-1234-2-1,SGX-FU-NK-20100910,-4
151,CL-1234-2-1,SGX-FU-NK-20100910,-4
152,CL-1234-2-1,SGX-FU-NK-20100910,-4
153,CL-1234-2-1,SGX-FU-NK-20100910,-4
154,CL-1234-2-1,SGX-FU-NK-20100910,-4
155,CL-1234-2-1,SGX-FU-NK-20100910,-4
156,CL-1234-2-1,SGX-FU-NK-20100910,-4
157,CL-1234-2-1,SGX-FU-NK-20100910,-5
158,CL-1234-2-1,SGX-FU-NK-20100910,-5
159,CL-1234-2-1,SGX-FU-NK-20100910,-5
160,CL-1234-2-1,SGX-FU-NK-20100910,-5
161,CL-1234-2-1,SGX-FU-NK-20100910,-5
162,CL-1234-2-1,SGX-FU-NK-20100910,-5
163,CL-1234-2-1,SGX-FU-NK-20100910,-5
164,CL-1234-2-1,SGX-FU-NK-20100910,-5
165,CL-1234-2-1,SGX-FU-NK-20100910,-5
166,CL-1234-2-1,SGX-FU-NK-20100910,-5
167,CL-1234-2-1,SGX-FU-NK-20100910,-6
168,CL-1234-2-1,SGX-FU-NK-20100910,-6
169,CL-1234-2-1,SGX-FU-NK-20100910,-7
170,CL-1234-2-1,SGX-FU-NK-20100910,-7
171,CL-1234-2-1,SGX-FU-NK-20100910,-7
172,CL-1234-2-1,SGX-FU-NK-20100910,-8
173,CL-1234-2-1,SGX-FU-NK-20100910,-8
174,CL-1234-2-1,SGX-FU-NK-20100910,-9
175,CL-1234-2-1,SGX-FU-NK-20100910,-10
176,CL-1234-2-1,SGX-FU-NK-20100910,-10
177,CL-1234-2-1,SGX-FU-NK-20100910,-10
178,CL-1234-2-1,SGX-FU-NK-20100910,-10
179,CL-1234-2-1,SGX-FU-NK-20100910,-10
180,CL-1234-3-1,CME-FU-NK.-20100910,1
181,CL-1234-3-1,CME-FU-NK.-20100910,1
182,CL-1234-3-1,CME-FU-NK.-20100910,1
183,CL-1234-3-1,CME-FU-NK.-20100910,1
184,CL-1234-3-1,CME-FU-NK.-20100910,1
185,CL-1234-3-1,CME-FU-NK.-20100910,1
186,CL-1234-3-1,CME-FU-NK.-20100910,1
187,CL-1234-3-1,CME-FU-NK.-20100910,1
188,CL-1234-3-1,CME-FU-NK.-20100910,1
189,CL-1234-3-1,CME-FU-NK.-20100910,1
190,CL-1234-3-1,CME-FU-NK.-20100910,1
191,CL-1234-3-1,CME-FU-NK.-20100910,1
192,CL-1234-3-1,CME-FU-NK.-20100910,1
193,CL-1234-3-1,CME-FU-NK.-20100910,1
194,CL-1234-3-1,CME-FU-NK.-20100910,1
195,CL-1234-3-1,CME-FU-NK.-20100910,1
196,CL-1234-3-1,CME-FU-NK.-20100910,1
197,CL-1234-3-1,CME-FU-NK.-20100910,1
198,CL-1234-3-1,CME-FU-NK.-20100910,1
199,CL-1234-3-1,CME-FU-NK.-20100910,1
200,CL-1234-3-1,CME-FU-NK.-20100910,1
201,CL-1234-3-1,CME-FU-NK.-20100910,1
202,CL-1234-3-1,CME-FU-NK.-20100910,1
203,CL-1234-3-1,CME-FU-NK.-20100910,1
204,CL-1234-3-1,CME-FU-NK.-20100910,1
205,CL-1234-3-1,CME-FU-NK.-20100910,1
206,CL-1234-3-1,CME-FU-NK.-20100910,1
207,CL-1234-3-1,CME-FU-NK.-20100910,1
208,CL-1234-3-1,CME-FU-NK.-20100910,1
209,CL-1234-3-1,CME-FU-NK.-20100910,1
210,CL-1234-3-1,CME-FU-NK.-20100910,1
211,CL-1234-3-1,CME-FU-NK.-20100910,1
212,CL-1234-3-1,CME-FU-NK.-20100910,1
213,CL-1234-3-1,CME-FU-NK.-20100910,1
214,CL-1234-3-1,CME-FU-NK.-20100910,1
215,CL-1234-3-1,CME-FU-NK.-20100910,1
216,CL-1234-3-1,CME-FU-NK.-20100910,1
217,CL-1234-3-1,CME-FU-NK.-20100910,1
218,CL-1234-3-1,CME-FU-NK.-20100910,1
219,CL-1234-3-1,CME-FU-NK.-20100910,1
220,CL-1234-3-1,CME-FU-NK.-20100910,1
221,CL-1234-3-1,CME-FU-NK.-20100910,1
222,CL-1234-3-1,CME-FU-NK.-20100910,2
223,CL-1234-3-1,CME-FU-NK.-20100910,2
224,CL-1234-3-1,CME-FU-NK.-20100910,2
225,CL-1234-3-1,CME-FU-NK.-20100910,2
226,CL-1234-3-1,CME-FU-NK.-20100910,2
227,CL-1234-3-1,CME-FU-NK.-20100910,2
228,CL-1234-3-1,CME-FU-NK.-20100910,2
229,CL-1234-3-1,CME-FU-NK.-20100910,2
230,CL-1234-3-1,CME-FU-NK.-20100910,2
231,CL-1234-3-1,CME-FU-NK.-20100910,2
232,CL-1234-3-1,CME-FU-NK.-20100910,2
233,CL-1234-3-1,CME-FU-NK.-20100910,2
234,CL-1234-3-1,CME-FU-NK.-20100910,2
235,CL-1234-3-1,CME-FU-NK.-20100910,2
236,CL-1234-3-1,CME-FU-NK.-20100910,2
237,CL-1234-3-1,CME-FU-NK.-20100910,2
238,CL-1234-3-1,CME-FU-NK.-20100910,3
239,CL-1234-3-1,CME-FU-NK.-20100910,3
240,CL-1234-3-1,CME-FU-NK.-20100910,3
241,CL-1234-3-1,CME-FU-NK.-20100910,3
242,CL-1234-3-1,CME-FU-NK.-20100910,3
243,CL-1234-3-1,CME-FU-NK.-20100910,3
244,CL-1234-3-1,CME-FU-NK.-20100910,3
245,CL-1234-3-1,CME-FU-NK.-20100910,3
246,CL-1234-3-1,CME-FU-NK.-20100910,3
247,CL-1234-3-1,CME-FU-NK.-20100910,3
248,CL-1234-3-1,CME-FU-NK.-20100910,3
249,CL-1234-3-1,CME-FU-NK.-20100910,3
250,CL-1234-3-1,CME-FU-NK.-20100910,4
251,CL-1234-3-1,CME-FU-NK.-20100910,4
252,CL-1234-3-1,CME-FU-NK.-20100910,4
253,CL-1234-3-1,CME-FU-NK.-20100910,4
254,CL-1234-3-1,CME-FU-NK.-20100910,4
255,CL-1234-3-1,CME-FU-NK.-20100910,4
256,CL-1234-3-1,CME-FU-NK.-20100910,4
257,CL-1234-3-1,CME-FU-NK.-20100910,4
258,CL-1234-3-1,CME-FU-NK.-20100910,4
259,CL-1234-3-1,CME-FU-NK.-20100910,5
260,CL-1234-3-1,CME-FU-NK.-20100910,5
261,CL-1234-3-1,CME-FU-NK.-20100910,5
262,CL-1234-3-1,CME-FU-NK.-20100910,5
263,CL-1234-3-1,CME-FU-NK.-20100910,5
264,CL-1234-3-1,CME-FU-NK.-20100910,5
265,CL-1234-3-1,CME-FU-NK.-20100910,5
266,CL-1234-3-1,CME-FU-NK.-20100910,6
267,CL-1234-3-1,CME-FU-NK.-20100910,6
268,CL-1234-3-1,CME-FU-NK.-20100910,7
269,CL-1234-3-1,CME-FU-NK.-20100910,8
270,CL-1234-3-1,CME-FU-NK.-20100910,8
271,CL-1234-3-1,CME-FU-NK.-20100910,10
272,CL-1234-3-1,CME-FU-NK.-20100910,10
273,CL-1234-3-1,CME-FU-NK.-20100910,10
274,CL-1234-3-1,CME-FU-NK.-20100910,10
275,CL-1234-3-1,CME-FU-NK.-20100910,10
276,CL-1234-3-1,CME-FU-NK.-20100910,10
277,CL-1234-3-1,CME-FU-NK.-20100910,12
278,CL-1234-3-1,CME-FU-NK.-20100910,-1
279,CL-1234-3-1,CME-FU-NK.-20100910,-1
280,CL-1234-3-1,CME-FU-NK.-20100910,-1
281,CL-1234-3-1,CME-FU-NK.-20100910,-1
282,CL-1234-3-1,CME-FU-NK.-20100910,-1
283,CL-1234-3-1,CME-FU-NK.-20100910,-1
284,CL-1234-3-1,CME-FU-NK.-20100910,-1
285,CL-1234-3-1,CME-FU-NK.-20100910,-1
286,CL-1234-3-1,CME-FU-NK.-20100910,-1
287,CL-1234-3-1,CME-FU-NK.-20100910,-1
288,CL-1234-3-1,CME-FU-NK.-20100910,-1
289,CL-1234-3-1,CME-FU-NK.-20100910,-1
290,CL-1234-3-1,CME-FU-NK.-20100910,-1
291,CL-1234-3-1,CME-FU-NK.-20100910,-1
292,CL-1234-3-1,CME-FU-NK.-20100910,-1
293,CL-1234-3-1,CME-FU-NK.-20100910,-1
294,CL-1234-3-1,CME-FU-NK.-20100910,-1
295,CL-1234-3-1,CME-FU-NK.-20100910,-1
296,CL-1234-3-1,CME-FU-NK.-20100910,-1
297,CL-1234-3-1,CME-FU-NK.-20100910,-1
298,CL-1234-3-1,CME-FU-NK.-20100910,-1
299,CL-1234-3-1,CME-FU-NK.-20100910,-1
300,CL-1234-3-1,CME-FU-NK.-20100910,-1
301,CL-1234-3-1,CME-FU-NK.-20100910,-1
302,CL-1234-3-1,CME-FU-NK.-20100910,-1
303,CL-1234-3-1,CME-FU-NK.-20100910,-1
304,CL-1234-3-1,CME-FU-NK.-20100910,-1
305,CL-1234-3-1,CME-FU-NK.-20100910,-1
306,CL-1234-3-1,CME-FU-NK.-20100910,-1
307,CL-1234-3-1,CME-FU-NK.-20100910,-1
308,CL-1234-3-1,CME-FU-NK.-20100910,-1
309,CL-1234-3-1,CME-FU-NK.-20100910,-1
310,CL-1234-3-1,CME-FU-NK.-20100910,-1
311,CL-1234-3-1,CME-FU-NK.-20100910,-1
312,CL-1234-3-1,CME-FU-NK.-20100910,-1
313,CL-1234-3-1,CME-FU-NK.-20100910,-1
314,CL-1234-3-1,CME-FU-NK.-20100910,-1
315,CL-1234-3-1,CME-FU-NK.-20100910,-1
316,CL-1234-3-1,CME-FU-NK.-20100910,-1
317,CL-1234-3-1,CME-FU-NK.-20100910,-1
318,CL-1234-3-1,CME-FU-NK.-20100910,-1
319,CL-1234-3-1,CME-FU-NK.-20100910,-1
320,CL-1234-3-1,CME-FU-NK.-20100910,-1
321,CL-1234-3-1,CME-FU-NK.-20100910,-1
322,CL-1234-3-1,CME-FU-NK.-20100910,-1
323,CL-1234-3-1,CME-FU-NK.-20100910,-1
324,CL-1234-3-1,CME-FU-NK.-20100910,-1
325,CL-1234-3-1,CME-FU-NK.-20100910,-1
326,CL-1234-3-1,CME-FU-NK.-20100910,-1
327,CL-1234-3-1,CME-FU-NK.-20100910,-1
328,CL-1234-3-1,CME-FU-NK.-20100910,-1
329,CL-1234-3-1,CME-FU-NK.-20100910,-1
330,CL-1234-3-1,CME-FU-NK.-20100910,-1
331,CL-1234-3-1,CME-FU-NK.-20100910,-1
332,CL-1234-3-1,CME-FU-NK.-20100910,-1
333,CL-1234-3-1,CME-FU-NK.-20100910,-1
334,CL-1234-3-1,CME-FU-NK.-20100910,-1
335,CL-1234-3-1,CME-FU-NK.-20100910,-1
336,CL-1234-3-1,CME-FU-NK.-20100910,-1
337,CL-1234-3-1,CME-FU-NK.-20100910,-1
338,CL-1234-3-1,CME-FU-NK.-20100910,-1
339,CL-1234-3-1,CME-FU-NK.-20100910,-1
340,CL-1234-3-1,CME-FU-NK.-20100910,-1
341,CL-1234-3-1,CME-FU-NK.-20100910,-1
342,CL-1234-3-1,CME-FU-NK.-20100910,-1
343,CL-1234-3-1,CME-FU-NK.-20100910,-1
344,CL-1234-3-1,CME-FU-NK.-20100910,-1
345,CL-1234-3-1,CME-FU-NK.-20100910,-1
346,CL-1234-3-1,CME-FU-NK.-20100910,-1
347,CL-1234-3-1,CME-FU-NK.-20100910,-1
348,CL-1234-3-1,CME-FU-NK.-20100910,-1
349,CL-1234-3-1,CME-FU-NK.-20100910,-1
350,CL-1234-3-1,CME-FU-NK.-20100910,-1
351,CL-1234-3-1,CME-FU-NK.-20100910,-1
352,CL-1234-3-1,CME-FU-NK.-20100910,-1
353,CL-1234-3-1,CME-FU-NK.-20100910,-1
354,CL-1234-3-1,CME-FU-NK.-20100910,-1
355,CL-1234-3-1,CME-FU-NK.-20100910,-1
356,CL-1234-3-1,CME-FU-NK.-20100910,-1
357,CL-1234-3-1,CME-FU-NK.-20100910,-1
358,CL-1234-3-1,CME-FU-NK.-20100910,-1
359,CL-1234-3-1,CME-FU-NK.-20100910,-1
360,CL-1234-3-1,CME-FU-NK.-20100910,-1
361,CL-1234-3-1,CME-FU-NK.-20100910,-1
362,CL-1234-3-1,CME-FU-NK.-20100910,-1
363,CL-1234-3-1,CME-FU-NK.-20100910,-1
364,CL-1234-3-1,CME-FU-NK.-20100910,-1
365,CL-1234-3-1,CME-FU-NK.-20100910,-1
366,CL-1234-3-1,CME-FU-NK.-20100910,-1
367,CL-1234-3-1,CME-FU-NK.-20100910,-1
368,CL-1234-3-1,CME-FU-NK.-20100910,-1
369,CL-1234-3-1,CME-FU-NK.-20100910,-1
370,CL-1234-3-1,CME-FU-NK.-20100910,-1
371,CL-1234-3-1,CME-FU-NK.-20100910,-1
372,CL-1234-3-1,CME-FU-NK.-20100910,-1
373,CL-1234-3-1,CME-FU-NK.-20100910,-1
374,CL-1234-3-1,CME-FU-NK.-20100910,-2
375,CL-1234-3-1,CME-FU-NK.-20100910,-2
376,CL-1234-3-1,CME-FU-NK.-20100910,-2
377,CL-1234-3-1,CME-FU-NK.-20100910,-2
378,CL-1234-3-1,CME-FU-NK.-20100910,-2
379,CL-1234-3-1,CME-FU-NK.-20100910,-2
380,CL-1234-3-1,CME-FU-NK.-20100910,-2
381,CL-1234-3-1,CME-FU-NK.-20100910,-2
382,CL-1234-3-1,CME-FU-NK.-20100910,-2
383,CL-1234-3-1,CME-FU-NK.-20100910,-2
384,CL-1234-3-1,CME-FU-NK.-20100910,-2
385,CL-1234-3-1,CME-FU-NK.-20100910,-2
386,CL-1234-3-1,CME-FU-NK.-20100910,-2
387,CL-1234-3-1,CME-FU-NK.-20100910,-2
388,CL-1234-3-1,CME-FU-NK.-20100910,-2
389,CL-1234-3-1,CME-FU-NK.-20100910,-2
390,CL-1234-3-1,CME-FU-NK.-20100910,-2
391,CL-1234-3-1,CME-FU-NK.-20100910,-2
392,CL-1234-3-1,CME-FU-NK.-20100910,-2
393,CL-1234-3-1,CME-FU-NK.-20100910,-2
394,CL-1234-3-1,CME-FU-NK.-20100910,-2
395,CL-1234-3-1,CME-FU-NK.-20100910,-2
396,CL-1234-3-1,CME-FU-NK.-20100910,-2
397,CL-1234-3-1,CME-FU-NK.-20100910,-2
398,CL-1234-3-1,CME-FU-NK.-20100910,-2
399,CL-1234-3-1,CME-FU-NK.-20100910,-2
400,CL-1234-3-1,CME-FU-NK.-20100910,-2
401,CL-1234-3-1,CME-FU-NK.-20100910,-2
402,CL-1234-3-1,CME-FU-NK.-20100910,-2
403,CL-1234-3-1,CME-FU-NK.-20100910,-2
404,CL-1234-3-1,CME-FU-NK.-20100910,-2
405,CL-1234-3-1,CME-FU-NK.-20100910,-2
406,CL-1234-3-1,CME-FU-NK.-20100910,-2
407,CL-1234-3-1,CME-FU-NK.-20100910,-2
408,CL-1234-3-1,CME-FU-NK.-20100910,-2
409,CL-1234-3-1,CME-FU-NK.-20100910,-2
410,CL-1234-3-1,CME-FU-NK.-20100910,-2
411,CL-1234-3-1,CME-FU-NK.-20100910,-2
412,CL-1234-3-1,CME-FU-NK.-20100910,-2
413,CL-1234-3-1,CME-FU-NK.-20100910,-2
414,CL-1234-3-1,CME-FU-NK.-20100910,-2
415,CL-1234-3-1,CME-FU-NK.-20100910,-2
416,CL-1234-3-1,CME-FU-NK.-20100910,-2
417,CL-1234-3-1,CME-FU-NK.-20100910,-2
418,CL-1234-3-1,CME-FU-NK.-20100910,-3
419,CL-1234-3-1,CME-FU-NK.-20100910,-3
420,CL-1234-3-1,CME-FU-NK.-20100910,-3
421,CL-1234-3-1,CME-FU-NK.-20100910,-3
422,CL-1234-3-1,CME-FU-NK.-20100910,-3
423,CL-1234-3-1,CME-FU-NK.-20100910,-3
424,CL-1234-3-1,CME-FU-NK.-20100910,-3
425,CL-1234-3-1,CME-FU-NK.-20100910,-3
426,CL-1234-3-1,CME-FU-NK.-20100910,-3
427,CL-1234-3-1,CME-FU-NK.-20100910,-3
428,CL-1234-3-1,CME-FU-NK.-20100910,-3
429,CL-1234-3-1,CME-FU-NK.-20100910,-3
430,CL-1234-3-1,CME-FU-NK.-20100910,-3
431,CL-1234-3-1,CME-FU-NK.-20100910,-3
432,CL-1234-3-1,CME-FU-NK.-20100910,-3
433,CL-1234-3-1,CME-FU-NK.-20100910,-3
434,CL-1234-3-1,CME-FU-NK.-20100910,-3
435,CL-1234-3-1,CME-FU-NK.-20100910,-3
436,CL-1234-3-1,CME-FU-NK.-20100910,-3
437,CL-1234-3-1,CME-FU-NK.-20100910,-4
438,CL-1234-3-1,CME-FU-NK.-20100910,-4
439,CL-1234-3-1,CME-FU-NK.-20100910,-4
440,CL-1234-3-1,CME-FU-NK.-20100910,-4
441,CL-1234-3-1,CME-FU-NK.-20100910,-4
442,CL-1234-3-1,CME-FU-NK.-20100910,-4
443,CL-1234-3-1,CME-FU-NK.-20100910,-4
444,CL-1234-3-1,CME-FU-NK.-20100910,-4
445,CL-1234-3-1,CME-FU-NK.-20100910,-4
446,CL-1234-3-1,CME-FU-NK.-20100910,-4
447,CL-1234-3-1,CME-FU-NK.-20100910,-4
448,CL-1234-3-1,CME-FU-NK.-20100910,-4
449,CL-1234-3-1,CME-FU-NK.-20100910,-4
450,CL-1234-3-1,CME-FU-NK.-20100910,-4
451,CL-1234-3-1,CME-FU-NK.-20100910,-5
452,CL-1234-3-1,CME-FU-NK.-20100910,-5
453,CL-1234-3-1,CME-FU-NK.-20100910,-5
454,CL-1234-3-1,CME-FU-NK.-20100910,-5
455,CL-1234-3-1,CME-FU-NK.-20100910,-5
456,CL-1234-3-1,CME-FU-NK.-20100910,-6
457,CL-1234-3-1,CME-FU-NK.-20100910,-6
458,CL-1234-3-1,CME-FU-NK.-20100910,-6
459,CL-1234-3-1,CME-FU-NK.-20100910,-6
460,CL-1234-3-1,CME-FU-NK.-20100910,-7
461,CL-1234-3-1,CME-FU-NK.-20100910,-7
462,CL-1234-3-1,CME-FU-NK.-20100910,-7
463,CL-1234-3-1,CME-FU-NK.-20100910,-8
464,CL-1234-3-1,CME-FU-NK.-20100910,-8
465,CL-1234-3-1,CME-FU-NK.-20100910,-9
466,CL-1234-3-1,CME-FU-NK.-20100910,-9
467,CL-1234-3-1,CME-FU-NK.-20100910,-9
468,CL-1234-3-1,CME-FU-NK.-20100910,-9
469,CL-1234-3-1,CME-FU-NK.-20100910,-10
470,CL-1234-3-1,CME-FU-NK.-20100910,-10
471,CL-1234-3-1,CME-FU-NK.-20100910,-10
472,CL-1234-3-1,CME-FU-NK.-20100910,-10
473,CL-1234-3-1,CME-FU-NK.-20100910,-10
474,CL-1234-3-1,CME-FU-NK.-20100910,-10
475,CL-1234-3-1,CME-FU-NK.-20100910,-12
476,CL-1234-3-1,CME-FU-NK.-20100910,-12
477,CL-1234-3-1,CME-FU-N1-20100910,1
478,CL-1234-3-1,CME-FU-N1-20100910,1
479,CL-1234-3-1,CME-FU-N1-20100910,1
480,CL-1234-3-1,CME-FU-N1-20100910,1
481,CL-1234-3-1,CME-FU-N1-20100910,1
482,CL-1234-3-1,CME-FU-N1-20100910,1
483,CL-1234-3-1,CME-FU-N1-20100910,1
484,CL-1234-3-1,CME-FU-N1-20100910,1
485,CL-1234-3-1,CME-FU-N1-20100910,1
486,CL-1234-3-1,CME-FU-N1-20100910,1
487,CL-1234-3-1,CME-FU-N1-20100910,1
488,CL-1234-3-1,CME-FU-N1-20100910,1
489,CL-1234-3-1,CME-FU-N1-20100910,1
490,CL-1234-3-1,CME-FU-N1-20100910,1
491,CL-1234-3-1,CME-FU-N1-20100910,1
492,CL-1234-3-1,CME-FU-N1-20100910,1
493,CL-1234-3-1,CME-FU-N1-20100910,1
494,CL-1234-3-1,CME-FU-N1-20100910,1
495,CL-1234-3-1,CME-FU-N1-20100910,1
496,CL-1234-3-1,CME-FU-N1-20100910,1
497,CL-1234-3-1,CME-FU-N1-20100910,1
498,CL-1234-3-1,CME-FU-N1-20100910,1
499,CL-1234-3-1,CME-FU-N1-20100910,1
500,CL-1234-3-1,CME-FU-N1-20100910,1
501,CL-1234-3-1,CME-FU-N1-20100910,1
502,CL-1234-3-1,CME-FU-N1-20100910,1
503,CL-1234-3-1,CME-FU-N1-20100910,1
504,CL-1234-3-1,CME-FU-N1-20100910,1
505,CL-1234-3-1,CME-FU-N1-20100910,1
506,CL-1234-3-1,CME-FU-N1-20100910,1
507,CL-1234-3-1,CME-FU-N1-20100910,1
508,CL-1234-3-1,CME-FU-N1-20100910,1
509,CL-1234-3-1,CME-FU-N1-20100910,1
510,CL-1234-3-1,CME-FU-N1-20100910,1
511,CL-1234-3-1,CME-FU-N1-20100910,1
512,CL-1234-3-1,CME-FU-N1-20100910,1
513,CL-1234-3-1,CME-FU-N1-20100910,1
514,CL-1234-3-1,CME-FU-N1-20100910,1
515,CL-1234-3-1,CME-FU-N1-20100910,1
516,CL-1234-3-1,CME-FU-N1-20100910,1
517,CL-1234-3-1,CME-FU-N1-20100910,1
518,CL-1234-3-1,CME-FU-N1-20100910,1
519,CL-1234-3-1,CME-FU-N1-20100910,1
520,CL-1234-3-1,CME-FU-N1-20100910,1
521,CL-1234-3-1,CME-FU-N1-20100910,1
522,CL-1234-3-1,CME-FU-N1-20100910,1
523,CL-1234-3-1,CME-FU-N1-20100910,1
524,CL-1234-3-1,CME-FU-N1-20100910,1
525,CL-1234-3-1,CME-FU-N1-20100910,1
526,CL-1234-3-1,CME-FU-N1-20100910,1
527,CL-1234-3-1,CME-FU-N1-20100910,1
528,CL-1234-3-1,CME-FU-N1-20100910,1
529,CL-1234-3-1,CME-FU-N1-20100910,1
530,CL-1234-3-1,CME-FU-N1-20100910,2
531,CL-1234-3-1,CME-FU-N1-20100910,2
532,CL-1234-3-1,CME-FU-N1-20100910,2
533,CL-1234-3-1,CME-FU-N1-20100910,2
534,CL-1234-3-1,CME-FU-N1-20100910,2
535,CL-1234-3-1,CME-FU-N1-20100910,2
536,CL-1234-3-1,CME-FU-N1-20100910,2
537,CL-1234-3-1,CME-FU-N1-20100910,2
538,CL-1234-3-1,CME-FU-N1-20100910,2
539,CL-1234-3-1,CME-FU-N1-20100910,2
540,CL-1234-3-1,CME-FU-N1-20100910,2
541,CL-1234-3-1,CME-FU-N1-20100910,2
542,CL-1234-3-1,CME-FU-N1-20100910,2
543,CL-1234-3-1,CME-FU-N1-20100910,3
544,CL-1234-3-1,CME-FU-N1-20100910,3
545,CL-1234-3-1,CME-FU-N1-20100910,3
546,CL-1234-3-1,CME-FU-N1-20100910,3
547,CL-1234-3-1,CME-FU-N1-20100910,3
548,CL-1234-3-1,CME-FU-N1-20100910,3
549,CL-1234-3-1,CME-FU-N1-20100910,3
550,CL-1234-3-1,CME-FU-N1-20100910,3
551,CL-1234-3-1,CME-FU-N1-20100910,3
552,CL-1234-3-1,CME-FU-N1-20100910,4
553,CL-1234-3-1,CME-FU-N1-20100910,4
554,CL-1234-3-1,CME-FU-N1-20100910,4
555,CL-1234-3-1,CME-FU-N1-20100910,4
556,CL-1234-3-1,CME-FU-N1-20100910,4
557,CL-1234-3-1,CME-FU-N1-20100910,5
558,CL-1234-3-1,CME-FU-N1-20100910,5
559,CL-1234-3-1,CME-FU-N1-20100910,5
560,CL-1234-3-1,CME-FU-N1-20100910,5
561,CL-1234-3-1,CME-FU-N1-20100910,5
562,CL-1234-3-1,CME-FU-N1-20100910,6
563,CL-1234-3-1,CME-FU-N1-20100910,7
564,CL-1234-3-1,CME-FU-N1-20100910,7
565,CL-1234-3-1,CME-FU-N1-20100910,8
566,CL-1234-3-1,CME-FU-N1-20100910,8
567,CL-1234-3-1,CME-FU-N1-20100910,8
568,CL-1234-3-1,CME-FU-N1-20100910,8
569,CL-1234-3-1,CME-FU-N1-20100910,8
570,CL-1234-3-1,CME-FU-N1-20100910,9
571,CL-1234-3-1,CME-FU-N1-20100910,9
572,CL-1234-3-1,CME-FU-N1-20100910,10
573,CL-1234-3-1,CME-FU-N1-20100910,10
574,CL-1234-3-1,CME-FU-N1-20100910,10
575,CL-1234-3-1,CME-FU-N1-20100910,10
576,CL-1234-3-1,CME-FU-N1-20100910,10
577,CL-1234-3-1,CME-FU-N1-20100910,10
578,CL-1234-3-1,CME-FU-N1-20100910,10
579,CL-1234-3-1,CME-FU-N1-20100910,10
580,CL-1234-3-1,CME-FU-N1-20100910,10
581,CL-1234-3-1,CME-FU-N1-20100910,10
582,CL-1234-3-1,CME-FU-N1-20100910,10
583,CL-1234-3-1,CME-FU-N1-20100910,10
584,CL-1234-3-1,CME-FU-N1-20100910,10
585,CL-1234-3-1,CME-FU-N1-20100910,10
586,CL-1234-3-1,CME-FU-N1-20100910,10
587,CL-1234-3-1,CME-FU-N1-20100910,10
588,CL-1234-3-1,CME-FU-N1-20100910,10
589,CL-1234-3-1,CME-FU-N1-20100910,10
590,CL-1234-3-1,CME-FU-N1-20100910,10
591,CL-1234-3-1,CME-FU-N1-20100910,10
592,CL-1234-3-1,CME-FU-N1-20100910,10
593,CL-1234-3-1,CME-FU-N1-20100910,10
594,CL-1234-3-1,CME-FU-N1-20100910,10
595,CL-1234-3-1,CME-FU-N1-20100910,10
596,CL-1234-3-1,CME-FU-N1-20100910,10
597,CL-1234-3-1,CME-FU-N1-20100910,10
598,CL-1234-3-1,CME-FU-N1-20100910,10
599,CL-1234-3-1,CME-FU-N1-20100910,10
600,CL-1234-3-1,CME-FU-N1-20100910,10
601,CL-1234-3-1,CME-FU-N1-20100910,10
602,CL-1234-3-1,CME-FU-N1-20100910,10
603,CL-1234-3-1,CME-FU-N1-20100910,-1
604,CL-1234-3-1,CME-FU-N1-20100910,-1
605,CL-1234-3-1,CME-FU-N1-20100910,-1
606,CL-1234-3-1,CME-FU-N1-20100910,-1
607,CL-1234-3-1,CME-FU-N1-20100910,-1
608,CL-1234-3-1,CME-FU-N1-20100910,-1
609,CL-1234-3-1,CME-FU-N1-20100910,-1
610,CL-1234-3-1,CME-FU-N1-20100910,-1
611,CL-1234-3-1,CME-FU-N1-20100910,-1
612,CL-1234-3-1,CME-FU-N1-20100910,-1
613,CL-1234-3-1,CME-FU-N1-20100910,-1
614,CL-1234-3-1,CME-FU-N1-20100910,-1
615,CL-1234-3-1,CME-FU-N1-20100910,-1
616,CL-1234-3-1,CME-FU-N1-20100910,-1
617,CL-1234-3-1,CME-FU-N1-20100910,-2
618,CL-1234-3-1,CME-FU-N1-20100910,-2
619,CL-1234-3-1,CME-FU-N1-20100910,-2
620,CL-1234-3-1,CME-FU-N1-20100910,-2
621,CL-1234-3-1,CME-FU-N1-20100910,-2
622,CL-1234-3-1,CME-FU-N1-20100910,-2
623,CL-1234-3-1,CME-FU-N1-20100910,-2
624,CL-1234-3-1,CME-FU-N1-20100910,-2
625,CL-1234-3-1,CME-FU-N1-20100910,-2
626,CL-1234-3-1,CME-FU-N1-20100910,-2
627,CL-1234-3-1,CME-FU-N1-20100910,-2
628,CL-1234-3-1,CME-FU-N1-20100910,-2
629,CL-1234-3-1,CME-FU-N1-20100910,-2
630,CL-1234-3-1,CME-FU-N1-20100910,-2
631,CL-1234-3-1,CME-FU-N1-20100910,-3
632,CL-1234-3-1,CME-FU-N1-20100910,-3
633,CL-1234-3-1,CME-FU-N1-20100910,-3
634,CL-1234-3-1,CME-FU-N1-20100910,-3
635,CL-1234-3-1,CME-FU-N1-20100910,-3
636,CL-1234-3-1,CME-FU-N1-20100910,-3
637,CL-1234-3-1,CME-FU-N1-20100910,-3
638,CL-1234-3-1,CME-FU-N1-20100910,-3
639,CL-1234-3-1,CME-FU-N1-20100910,-3
640,CL-1234-3-1,CME-FU-N1-20100910,-3
641,CL-1234-3-1,CME-FU-N1-20100910,-3
642,CL-1234-3-1,CME-FU-N1-20100910,-3
643,CL-1234-3-1,CME-FU-N1-20100910,-3
644,CL-1234-3-1,CME-FU-N1-20100910,-3
645,CL-1234-3-1,CME-FU-N1-20100910,-3
646,CL-1234-3-1,CME-FU-N1-20100910,-3
647,CL-1234-3-1,CME-FU-N1-20100910,-4
648,CL-1234-3-1,CME-FU-N1-20100910,-4
649,CL-1234-3-1,CME-FU-N1-20100910,-4
650,CL-1234-3-1,CME-FU-N1-20100910,-4
651,CL-1234-3-1,CME-FU-N1-20100910,-4
652,CL-1234-3-1,CME-FU-N1-20100910,-4
653,CL-1234-3-1,CME-FU-N1-20100910,-5
654,CL-1234-3-1,CME-FU-N1-20100910,-5
655,CL-1234-3-1,CME-FU-N1-20100910,-5
656,CL-1234-3-1,CME-FU-N1-20100910,-5
657,CL-1234-3-1,CME-FU-N1-20100910,-5
658,CL-1234-3-1,CME-FU-N1-20100910,-6
659,CL-1234-3-1,CME-FU-N1-20100910,-6
660,CL-1234-3-1,CME-FU-N1-20100910,-7
661,CL-1234-3-1,CME-FU-N1-20100910,-8
662,CL-1234-3-1,CME-FU-N1-20100910,-9
663,CL-1234-3-1,CME-FU-N1-20100910,-9
664,CL-1234-3-1,CME-FU-N1-20100910,-10
665,CL-1234-3-1,CME-FU-N1-20100910,-10
666,CL-1234-3-1,CME-FU-N1-20100910,-10
667,CL-1234-3-1,CME-FU-N1-20100910,-10
668,CL-1234-3-1,CME-FU-N1-20100910,-10
669,CL-1234-3-1,CME-FU-N1-20100910,-10
670,CL-1234-3-1,CME-FU-N1-20100910,-10
671,CL-4321-2-1,SGX-FU-NK-20100910,1
672,CL-4321-2-1,SGX-FU-NK-20100910,1
673,CL-4321-2-1,SGX-FU-NK-20100910,1
674,CL-4321-2-1,SGX-FU-NK-20100910,1
675,CL-4321-2-1,SGX-FU-NK-20100910,1
676,CL-4321-2-1,SGX-FU-NK-20100910,1
677,CL-4321-2-1,SGX-FU-NK-20100910,1
678,CL-4321-2-1,SGX-FU-NK-20100910,1
679,CL-4321-2-1,SGX-FU-NK-20100910,1
680,CL-4321-2-1,SGX-FU-NK-20100910,1
681,CL-4321-2-1,SGX-FU-NK-20100910,1
682,CL-4321-2-1,SGX-FU-NK-20100910,1
683,CL-4321-2-1,SGX-FU-NK-20100910,1
684,CL-4321-2-1,SGX-FU-NK-20100910,1
685,CL-4321-2-1,SGX-FU-NK-20100910,1
686,CL-4321-2-1,SGX-FU-NK-20100910,1
687,CL-4321-2-1,SGX-FU-NK-20100910,1
688,CL-4321-2-1,SGX-FU-NK-20100910,1
689,CL-4321-2-1,SGX-FU-NK-20100910,1
690,CL-4321-2-1,SGX-FU-NK-20100910,1
691,CL-4321-2-1,SGX-FU-NK-20100910,1
692,CL-4321-2-1,SGX-FU-NK-20100910,1
693,CL-4321-2-1,SGX-FU-NK-20100910,1
694,CL-4321-2-1,SGX-FU-NK-20100910,1
695,CL-4321-2-1,SGX-FU-NK-20100910,1
696,CL-4321-2-1,SGX-FU-NK-20100910,1
697,CL-4321-2-1,SGX-FU-NK-20100910,1
698,CL-4321-2-1,SGX-FU-NK-20100910,1
699,CL-4321-2-1,SGX-FU-NK-20100910,1
700,CL-4321-2-1,SGX-FU-NK-20100910,1
701,CL-4321-2-1,SGX-FU-NK-20100910,1
702,CL-4321-2-1,SGX-FU-NK-20100910,1
703,CL-4321-2-1,SGX-FU-NK-20100910,1
704,CL-4321-2-1,SGX-FU-NK-20100910,1
705,CL-4321-3-1,CME-FU-N1-20100910,-4
706,CL-4321-3-1,CME-FU-N1-20100910,-4
707,CL-4321-3-1,CME-FU-N1-20100910,-4
708,CL-4321-3-1,CME-FU-N1-20100910,-4
709,CL-4321-3-1,CME-FU-N1-20100910,-4
710,CL-4321-3-1,CME-FU-N1-20100910,-4
711,CL-4321-3-1,CME-FU-N1-20100910,-5
712,CL-4321-3-1,CME-FU-N1-20100910,-5
713,CL-4321-3-1,CME-FU-N1-20100910,-5
714,CL-4321-3-1,CME-FU-N1-20100910,-5
715,CL-4321-3-1,CME-FU-N1-20100910,-5
716,CL-4321-3-1,CME-FU-N1-20100910,-6
